<?xml version="1.0"?>
<!DOCTYPE hibernate-mapping PUBLIC "-//Hibernate/Hibernate Mapping DTD 3.0//EN"
"http://www.hibernate.org/dtd/hibernate-mapping-3.0.dtd">
<!-- Generated May 13, 2016 10:03:04 AM by Hibernate Tools 4.3.1 -->
<hibernate-mapping>
    <class name="attendance.entity.Attendance" table="attendance" catalog="attendance_total" optimistic-lock="version">
        <id name="id" type="java.lang.Integer">
            <column name="id" />
            <generator class="identity" />
        </id>
        <many-to-one name="course" class="attendance.entity.Course" fetch="select">
            <column name="classid" not-null="true" />
        </many-to-one>
        <many-to-one name="student" class="attendance.entity.Student" fetch="select">
            <column name="studentRollno" length="45" not-null="true" unique="true" />
        </many-to-one>
        <property name="isPresent" type="boolean">
            <column name="isPresent" not-null="true" />
        </property>
        <property name="date" type="date">
            <column name="date" length="10" not-null="true" />
        </property>
        <property name="comments" type="string">
            <column name="comments" length="200" not-null="true" />
        </property>
    </class>
</hibernate-mapping>
