<?xml version="1.0"?>
<!DOCTYPE hibernate-mapping PUBLIC "-//Hibernate/Hibernate Mapping DTD 3.0//EN"
"http://www.hibernate.org/dtd/hibernate-mapping-3.0.dtd">
<!-- Generated May 13, 2016 10:36:24 AM by Hibernate Tools 4.3.1 -->
<hibernate-mapping>
    <class name="attendance.entity.Student" table="student" catalog="attendance_total" optimistic-lock="version">
        <id name="rollno" type="string">
            <column name="rollno" length="45" />
            <generator class="assigned" />
        </id>
        <property name="fullname" type="string">
            <column name="fullname" length="200" not-null="true" />
        </property>
        <property name="email" type="string">
            <column name="email" length="200" not-null="true" />
        </property>
        <set name="attendances" table="attendance" inverse="true" lazy="true" fetch="select">
            <key>
                <column name="studentRollno" length="45" not-null="true" unique="true" />
            </key>
            <one-to-many class="attendance.entity.Attendance" />
        </set>
    </class>
</hibernate-mapping>
